Artist Full Name,Art Title,Art Location Name,Art Location Street Address,Art Location City,Art Location State,Art Location Zip,Images,Web Detail Page,Location
Ann M.Adams,Big Chiller Blues,Austin Convention Center Parking Garage/Chiller Tower,5th Street and Sabine Street;,Austin,TX,78701,http://assets.austintexas.gov/aipp/images/pic2005_003_1.jpg;http://assets.austintexas.gov/aipp/images/pic2005_003_2.jpg;http://assets.austintexas.gov/aipp/images/pic2005_003_3.jpg;,http://www.austintexas.gov/aipp/aipp_detail.cfm?art=504 ,"5th Street and Sabine Street;
Austin, TX 78701
(30.265255505104278, -97.73647200312456)"
Rene Anguiano,Dawn to Dusk,Eustasio Cepeda Branch,651 North Pleasant Valley  Rd.;,Austin,TX,78702,http://assets.austintexas.gov/aipp/images/pic1998_004.jpg;http://assets.austintexas.gov/aipp/images/pic1998_004_2.jpg;http://assets.austintexas.gov/aipp/images/pic1998_004_3.jpg;,http://www.austintexas.gov/aipp/aipp_detail.cfm?art=132 ,"651 North Pleasant Valley Rd.;
Austin, TX 78702
(30.25976964072555, -97.70959126766877)"
Joe Arellano,The Children are the Future,Holly Street Power Plant,2400 Holly St.;,Austin,TX,78702,http://assets.austintexas.gov/aipp/images/pic1991_003.jpg,http://www.austintexas.gov/aipp/aipp_detail.cfm?art=99 ,"2400 Holly St.;
Austin, TX 78702
(30.25158178209171, -97.72072545231359)"
Tre Arenz,Wall of Hands,St. Elmo Service Center,4411 Meinardus Road;,Austin,TX,78744,http://assets.austintexas.gov/aipp/images/pic1994_001.jpg;http://assets.austintexas.gov/aipp/images/pic1994_001_2.jpg;http://assets.austintexas.gov/aipp/images/pic1994_001_3.jpg;,http://www.austintexas.gov/aipp/aipp_detail.cfm?art=110 ,"4411 Meinardus Road;
Austin, TX 78744
(30.210783569789555, -97.75245295558523)"
Tre Arenz,Untitled,North Austin Police Substation,12400 Lamplight Village Ave.;,Austin,TX,78727,http://assets.austintexas.gov/aipp/images/pic1994_011.jpg,http://www.austintexas.gov/aipp/aipp_detail.cfm?art=114 ,"12400 Lamplight Village Ave.;
Austin, TX 78727
(30.41594458828731, -97.69589651948735)"
Connie Arismendi,Rayo de Esperanza - A Beacon of Hope: Sculpture; Community Kiosk; Benches,Terrazas Branch Library,1105 E. Cesar Chavez Street;,Austin,TX,78702,http://assets.austintexas.gov/aipp/images/pic2009_001_1.jpg;http://assets.austintexas.gov/aipp/images/pic2009_001_2.jpg;http://assets.austintexas.gov/aipp/images/pic2009_001_3.jpg;,http://www.austintexas.gov/aipp/aipp_detail.cfm?art=513 ,"1105 E. Cesar Chavez Street;
Austin, TX 78702
(30.260024534650952, -97.73317439552804)"
Connie Arismendi,Trail of Tejano Legends: ¡Estamos en Tejas!,Town Lake Hike and Bike Trail (Trail of Tejano Legends),Roy Montelongo Scenic Overlook; Canterbury St and Pleasant Valley Rd,Austin,TX,78702,http://assets.austintexas.gov/aipp/images/pic2008_003_1.jpg;http://assets.austintexas.gov/aipp/images/pic2008_003_2.jpg;http://assets.austintexas.gov/aipp/images/pic2008_003_3.jpg;,http://www.austintexas.gov/aipp/aipp_detail.cfm?art=516 ,"Roy Montelongo Scenic Overlook; Canterbury St and Pleasant Valley Rd
Austin, TX 78702
(30.265009999611948, -97.71688999987344)"
Connie Arismendi,El futuro es una página en blanco. ¿Qué escribirás en ella?,Terrazas Branch Library,1105 E. Cesar Chavez Street;,Austin,TX,78702,http://assets.austintexas.gov/aipp/images/pic2006_002_1.jpg;http://assets.austintexas.gov/aipp/images/pic2006_002_2.jpg;http://assets.austintexas.gov/aipp/images/pic2006_002_3.jpg;,http://www.austintexas.gov/aipp/aipp_detail.cfm?art=506 ,"1105 E. Cesar Chavez Street;
Austin, TX 78702
(30.260024534650952, -97.73317439552804)"
Connie Arismendi,Trail of Tejano Legends: Una Canción de Fe Y Familia,Mexican American Cultural Center,600 River Street;,Austin,TX,78701,http://assets.austintexas.gov/aipp/images/pic2008_007_1.jpg;http://assets.austintexas.gov/aipp/images/pic2008_007_2.jpg;http://assets.austintexas.gov/aipp/images/pic2008_007_3.jpg;,http://www.austintexas.gov/aipp/aipp_detail.cfm?art=514 ,"600 River Street;
Austin, TX 78701
(30.25799797632783, -97.73958365734592)"
Connie Arismendi,Trail of Tejano Legends: Tenderly,Town Lake Hike and Bike Trail (Trail of Tejano Legends),Festival Beach Park along the; Nash Hernandez Sr. Road ,Austin,TX,78702,http://assets.austintexas.gov/aipp/images/pic2008_004_1.jpg;http://assets.austintexas.gov/aipp/images/pic2008_004_2.jpg;http://assets.austintexas.gov/aipp/images/pic2008_004_3.jpg;,http://www.austintexas.gov/aipp/aipp_detail.cfm?art=515 ,"Festival Beach Park along the; Nash Hernandez Sr. Road
Austin, TX 78702
(30.265009999611948, -97.71688999987344)"
Twyla Arthur,Autumn Ponds,Palmer Event Center,900 Barton Springs Road;,Austin,TX,,http://assets.austintexas.gov/aipp/images/pic2002_003_1.jpg;http://assets.austintexas.gov/aipp/images/pic2002_003_2.jpg;http://assets.austintexas.gov/aipp/images/pic2002_003_3.jpg;,http://www.austintexas.gov/aipp/aipp_detail.cfm?art=191 ,"900 Barton Springs Road;
Austin, TX
(30.25976064750523, -97.753981803035)"
Twyla Arthur,Celebrating Traditions,Springdale Park,Webberville Road;,Austin,TX,,http://assets.austintexas.gov/aipp/images/pic2002_007_1.jpg;http://assets.austintexas.gov/aipp/images/pic2002_007_2.jpg;http://assets.austintexas.gov/aipp/images/pic2002_007_3.jpg;,http://www.austintexas.gov/aipp/aipp_detail.cfm?art=197 ,"Webberville Road;
Austin, TX
(30.263196057657183, -97.71330097103964)"
Kathleen Ash,Read More Books,North Village Branch Library,2505 Steck Ave.;,Austin,TX,78757,http://assets.austintexas.gov/aipp/images/pic2009_002_1.jpg;http://assets.austintexas.gov/aipp/images/pic2009_002_2.jpg;http://assets.austintexas.gov/aipp/images/pic2009_002_3.jpg;,http://www.austintexas.gov/aipp/aipp_detail.cfm?art=519 ,"2505 Steck Ave.;
Austin, TX 78757
(30.36249919613249, -97.73069835569646)"
Kathleen Ash,Big Snake,Austin Nature & Science Center ,301 Nature Center Dr.;,Austin,TX,78746,http://assets.austintexas.gov/aipp/images/pic1997_016.jpg;http://assets.austintexas.gov/aipp/images/pic1997_016_2.gif;http://assets.austintexas.gov/aipp/images/pic1997_016_3.gif;,http://www.austintexas.gov/aipp/aipp_detail.cfm?art=128 ,"301 Nature Center Dr.;
Austin, TX 78746
(30.272315183034266, -97.77514285038444)"
Kathleen Ash,Sea of Knowledge,North Village Branch Library,2505 Steck Ave.;,Austin,TX,78757,http://assets.austintexas.gov/aipp/images/pic2009_003_1.jpg;http://assets.austintexas.gov/aipp/images/pic2009_003_2.jpg;http://assets.austintexas.gov/aipp/images/pic2009_003_3.jpg;,http://www.austintexas.gov/aipp/aipp_detail.cfm?art=520 ,"2505 Steck Ave.;
Austin, TX 78757
(30.36249919613249, -97.73069835569646)"
Jerolyn Bahm-Colombik,La Fuente en Calle Segundo,2nd Street District  ,2nd Street & San Antonio;,Austin,TX ,78701,http://assets.austintexas.gov/aipp/images/pic2010_002_1.jpg;http://assets.austintexas.gov/aipp/images/pic0000_002_2.jpg;http://assets.austintexas.gov/aipp/images/pic0000_002_3.jpg;,http://www.austintexas.gov/aipp/aipp_detail.cfm?art=529 ,"2nd Street &amp; San Antonio;
Austin, TX 78701
(30.269920000307934, -97.74332000011776)"
Dayna Beard-Isensee,Flights of Fancy,Yarborough Branch,2200 Hancock Dr.;,Austin,TX,78756,http://assets.austintexas.gov/aipp/images/pic1998_005.jpg;http://assets.austintexas.gov/aipp/images/pic1998_005_2.jpg;http://assets.austintexas.gov/aipp/images/pic1998_005_3.jpg;,http://www.austintexas.gov/aipp/aipp_detail.cfm?art=133 ,"2200 Hancock Dr.;
Austin, TX 78756
(30.323072918367984, -97.74093264038987)"
Jill Bedgood ,Reality * Texas * Mythology,Austin-Bergstrom International Airport,3600 Presidential Blvd.;,Austin,TX,78719,http://assets.austintexas.gov/aipp/images/pic1999_004_1.jpg;http://assets.austintexas.gov/aipp/images/pic1999_004_2.jpg;http://assets.austintexas.gov/aipp/images/pic1999_004_3.jpg;,http://www.austintexas.gov/aipp/aipp_detail.cfm?art=137 ,"3600 Presidential Blvd.;
Austin, TX 78719
(30.202653698644724, -97.66544354925043)"
Jill Bedgood ,Texas Botanicals,Austin Convention Center,500 East Cesar Chavez St.;,Austin,TX,78701,http://assets.austintexas.gov/aipp/images/pic1997_002_1.jpg;http://assets.austintexas.gov/aipp/images/pic1997_002_2.jpg;http://assets.austintexas.gov/aipp/images/pic1997_002_3.jpg;,http://www.austintexas.gov/aipp/aipp_detail.cfm?art=125 ,"500 East Cesar Chavez St.;
Austin, TX 78701
(30.26473389832728, -97.74923338272032)"
Jill Bedgood ,Phantom Ship,Zilker Park,2201 Barton Springs Rd.;,Austin,TX,78746,http://assets.austintexas.gov/aipp/images/pic1991_002_01.jpg;http://assets.austintexas.gov/aipp/images/pic1991_002_02.jpg;http://assets.austintexas.gov/aipp/images/pic1991_002_03.jpg;,http://www.austintexas.gov/aipp/aipp_detail.cfm?art=98 ,"2201 Barton Springs Rd.;
Austin, TX 78746
(30.265983955948002, -97.76862276567203)"
Jill Bedgood ,Community Quilt,South Austin Senior Activity Center ,3911 Manchaca Rd.;,Austin,TX,78704,http://assets.austintexas.gov/aipp/images/pic1995_003.jpg,http://www.austintexas.gov/aipp/aipp_detail.cfm?art=117 ,"3911 Manchaca Rd.;
Austin, TX 78704
(30.23392312560344, -97.78565592490696)"
Roberto Behar ,Open Room Austin,Sand Beach Park,;,Austin,TX,78701,http://assets.austintexas.gov/aipp/images/pic0000_001_1.jpg;http://assets.austintexas.gov/aipp/images/pic0000_001_2.jpg;http://assets.austintexas.gov/aipp/images/pic0000_001_3.jpg;,http://www.austintexas.gov/aipp/aipp_detail.cfm?art=526 ,";
Austin, TX 78701
(30.25604476813926, -97.73717840179187)"
Nan StandishBlake,Connected,Health and Human Services Administration,7201 Levander Loop;,Austin,TX,78702,http://assets.austintexas.gov/aipp/images/connected_blake.jpg,http://www.austintexas.gov/aipp/aipp_detail.cfm?art=212 ,"7201 Levander Loop;
Austin, TX 78702
(30.252912715050357, -97.69302633905961)"
Paul Bond,Reading Between the Lions,Windsor Park Branch,5801 Westminster Dr.;,Austin,TX,78723,http://assets.austintexas.gov/aipp/images/pic2000_001_1.jpg;http://assets.austintexas.gov/aipp/images/pic2000_001_2.jpg;http://assets.austintexas.gov/aipp/images/pic2000_001_3.jpg;,http://www.austintexas.gov/aipp/aipp_detail.cfm?art=144 ,"5801 Westminster Dr.;
Austin, TX 78723
(30.311966291306135, -97.69066053895199)"
Katherine Brimberry,Personal Effects III,Learning & Research Center,2800  Star of Texas Rd.;,Austin,TX,78719,http://assets.austintexas.gov/aipp/images/pic1997_004.jpg,http://www.austintexas.gov/aipp/aipp_detail.cfm?art=172 ,"2800 Star of Texas Rd.;
Austin, TX 78719
(30.136680000082094, -97.67493999978103)"
Rolando Briseno,Macro / Micro Culture,Austin Convention Center,500 East Cesar Chavez St.;,Austin,TX,78701,http://assets.austintexas.gov/aipp/images/pic2002_005_1.jpg;http://assets.austintexas.gov/aipp/images/pic2002_005_2.jpg;http://assets.austintexas.gov/aipp/images/pic2002_005_3.jpg;,http://www.austintexas.gov/aipp/aipp_detail.cfm?art=196 ,"500 East Cesar Chavez St.;
Austin, TX 78701
(30.26473389832728, -97.74923338272032)"
Doug Brown,The Unsung,Todd Lane Service Center,4108 Todd Lane;,Austin,TX,,http://assets.austintexas.gov/aipp/images/unsung_brown.jpg;http://assets.austintexas.gov/aipp/images/pic2001_001_2.jpg;http://assets.austintexas.gov/aipp/images/pic2001_001_3.jpg;,http://www.austintexas.gov/aipp/aipp_detail.cfm?art=187 ,"4108 Todd Lane;
Austin, TX
(30.21058571894315, -97.73807279633667)"
Elizabeth Busch,Aurora,Conley-Guerrero Senior Activity Center,808 Nile Rd.;,Austin,TX,78702,http://assets.austintexas.gov/aipp/images/pic1988_001_1.jpg;http://assets.austintexas.gov/aipp/images/pic1988_001_2.jpg;http://assets.austintexas.gov/aipp/images/pic1988_001_3.jpg;,http://www.austintexas.gov/aipp/aipp_detail.cfm?art=91 ,"808 Nile Rd.;
Austin, TX 78702
(30.266028922049486, -97.71101219647505)"
Laurel Butler,Outdoor Studio,Central Access Television Facility ,1143 Northwestern Ave.;,Austin,TX,78702,http://assets.austintexas.gov/aipp/images/pic1990_001.jpg,http://www.austintexas.gov/aipp/aipp_detail.cfm?art=95 ,"1143 Northwestern Ave.;
Austin, TX 78702
(30.26929346101582, -97.71621027780441)"
Marla Camp,Flights of Fancy,Yarborough Branch,2200 Hancock Dr.;,Austin,TX,78756,http://assets.austintexas.gov/aipp/images/pic1998_005.jpg;http://assets.austintexas.gov/aipp/images/pic1998_005_2.jpg;http://assets.austintexas.gov/aipp/images/pic1998_005_3.jpg;,http://www.austintexas.gov/aipp/aipp_detail.cfm?art=133 ,"2200 Hancock Dr.;
Austin, TX 78756
(30.323072918367984, -97.74093264038987)"
Heather Carter,Souls of the Trees,Spicewood Springs Branch Library,8637 Spicewood Springs Rd.;,Austin,TX,78759,http://assets.austintexas.gov/aipp/images/pic2007_001_1.jpg;http://assets.austintexas.gov/aipp/images/pic2007_001_2.jpg;http://assets.austintexas.gov/aipp/images/pic2007_001_3.jpg;,http://www.austintexas.gov/aipp/aipp_detail.cfm?art=508 ,"8637 Spicewood Springs Rd.;
Austin, TX 78759
(30.43341073814281, -97.77254380971976)"
Belinda Casey,X,Learning & Research Center,2800  Star of Texas Rd.;,Austin,TX,78719,http://assets.austintexas.gov/aipp/images/pic1997_012.jpg,http://www.austintexas.gov/aipp/aipp_detail.cfm?art=180 ,"2800 Star of Texas Rd.;
Austin, TX 78719
(30.136680000082094, -97.67493999978103)"
John Christensen,The Source,Waller Creek Center,625 East 10th Street;,Austin,TX,78701,http://assets.austintexas.gov/aipp/images/pic1994_003.jpg,http://www.austintexas.gov/aipp/aipp_detail.cfm?art=112 ,"625 East 10th Street;
Austin, TX 78701
(30.269833054233402, -97.73455644720212)"
John Christensen,Turner-Roberts-Overton Memorial,Turner Roberts Recreation Center,7201 Colony Loop Drive;,Austin,TX,78724,http://assets.austintexas.gov/aipp/images/2008_005_01.jpg;http://assets.austintexas.gov/aipp/images/2008_005_02.jpg;http://assets.austintexas.gov/aipp/images/2008_005_03.jpg;,http://www.austintexas.gov/aipp/aipp_detail.cfm?art=531 ,"7201 Colony Loop Drive;
Austin, TX 78724
(30.302361532033217, -97.63448888500193)"
John Christensen,Leaf; Pod & Samara,Austin-Bergstrom International Airport,3600 Presidential Blvd.;,Austin,TX,78719,http://assets.austintexas.gov/aipp/images/pic1999_001_1.jpg;http://assets.austintexas.gov/aipp/images/pic1999_001_2.jpg;http://assets.austintexas.gov/aipp/images/pic1999_001_3.jpg;,http://www.austintexas.gov/aipp/aipp_detail.cfm?art=134 ,"3600 Presidential Blvd.;
Austin, TX 78719
(30.202653698644724, -97.66544354925043)"
Ryah Christensen,Door/Not Door,East Side Hike and Bike Trail,;,Austin,Texas,78702,http://assets.austintexas.gov/aipp/images/pic006_2009_1.jpg;http://assets.austintexas.gov/aipp/images/pic006_2009_2.jpg;http://assets.austintexas.gov/aipp/images/pic006_2009_3.jpg;,http://www.austintexas.gov/aipp/aipp_detail.cfm?art=537 ,";
Austin, Texas 78702
(30.265009999611948, -97.71688999987344)"
John PatrickCobb,O. Henry at Cards,O. Henry Museum,409 East Fifth St.;,Austin,TX,78701,http://assets.austintexas.gov/aipp/images/pic1993_004.jpg,http://www.austintexas.gov/aipp/aipp_detail.cfm?art=105 ,"409 East Fifth St.;
Austin, TX 78701
(30.266019928829166, -97.73916996921241)"
Roger Colombik,The Island,Combined Emergency Communication & Transportation Management Center,5010 Old Manor Rd;,Austin,TX,78723,http://assets.austintexas.gov/aipp/images/pic2003_016_1.jpg;http://assets.austintexas.gov/aipp/images/pic2003_016_2.jpg;http://assets.austintexas.gov/aipp/images/pic2003_016_3.jpg;,http://www.austintexas.gov/aipp/aipp_detail.cfm?art=218 ,"5010 Old Manor Rd;
Austin, TX 78723
(30.298845182898617, -97.69086738301871)"
Roger Colombik,La Fuente en Calle Segundo,2nd Street District  ,2nd Street & San Antonio;,Austin,TX ,78701,http://assets.austintexas.gov/aipp/images/pic2010_002_1.jpg;http://assets.austintexas.gov/aipp/images/pic0000_002_2.jpg;http://assets.austintexas.gov/aipp/images/pic0000_002_3.jpg;,http://www.austintexas.gov/aipp/aipp_detail.cfm?art=529 ,"2nd Street &amp; San Antonio;
Austin, TX 78701
(30.269920000307934, -97.74332000011776)"
Oscar Cortez,For La Raza,Holly Street Power Plant,2400 Holly St.;,Austin,TX,78702,http://assets.austintexas.gov/aipp/images/pic1992_006.jpg,http://www.austintexas.gov/aipp/aipp_detail.cfm?art=104 ,"2400 Holly St.;
Austin, TX 78702
(30.25158178209171, -97.72072545231359)"
Margie Crisp,Swallow Suite,Learning & Research Center,2800  Star of Texas Rd.;,Austin,TX,78719,http://assets.austintexas.gov/aipp/images/pic1997_005.jpg,http://www.austintexas.gov/aipp/aipp_detail.cfm?art=173 ,"2800 Star of Texas Rd.;
Austin, TX 78719
(30.136680000082094, -97.67493999978103)"
Bill Davenport,Giant Mushroom Forest,Auditorium Shores,;,Austin,Texas,78701,http://assets.austintexas.gov/aipp/images/pic001_2009_1.jpg;http://assets.austintexas.gov/aipp/images/pic001_2009_2.jpg;http://assets.austintexas.gov/aipp/images/pic001_2009_3.jpg;,http://www.austintexas.gov/aipp/aipp_detail.cfm?art=538 ,";
Austin, Texas 78701
(30.25604476813926, -97.73717840179187)"
Sasha Dela,Variegated Continuum,Mexican American Cultural Center,600 River Street;,Austin,TX,78701,http://assets.austintexas.gov/aipp/images/pic007_2009_1.jpg;http://assets.austintexas.gov/aipp/images/pic007_2009_2.jpg;http://assets.austintexas.gov/aipp/images/pic007_2009_3.jpg;,http://www.austintexas.gov/aipp/aipp_detail.cfm?art=543 ,"600 River Street;
Austin, TX 78701
(30.25799797632783, -97.73958365734592)"
Eddie Dixon,Go Forth,Carver Museum,1163 Angelina St.;,Austin,TX ,78702,http://assets.austintexas.gov/aipp/images/pic2005_001_1.jpg,http://www.austintexas.gov/aipp/aipp_detail.cfm?art=507 ,"1163 Angelina St.;
Austin, TX 78702
(30.269754194880353, -97.72441430407154)"
Fidencio Duran,La Quinceanera - 15th Birthday,Holly Street Power Plant,2400 Holly St.;,Austin,TX,78702,http://assets.austintexas.gov/aipp/images/pic1992_001.jpg,http://www.austintexas.gov/aipp/aipp_detail.cfm?art=102 ,"2400 Holly St.;
Austin, TX 78702
(30.25158178209171, -97.72072545231359)"
Fidencio Duran,Comite Patriota; Cinco de Mayo and Diez y Seis,Parque Zaragoza Recreation Center,2608 Gonzales St.;,Austin,TX,78702,http://assets.austintexas.gov/aipp/images/pic1996_002.jpg,http://www.austintexas.gov/aipp/aipp_detail.cfm?art=119 ,"2608 Gonzales St.;
Austin, TX 78702
(30.261388420378296, -97.71211836257112)"
Fidencio Duran,The Visit,Austin-Bergstrom International Airport,3600 Presidential Blvd.;,Austin,TX,78719,http://assets.austintexas.gov/aipp/images/pic1999_003_1.jpg;http://assets.austintexas.gov/aipp/images/pic1999_003_2.jpg;http://assets.austintexas.gov/aipp/images/pic1999_003_3.jpg;,http://www.austintexas.gov/aipp/aipp_detail.cfm?art=136 ,"3600 Presidential Blvd.;
Austin, TX 78719
(30.202653698644724, -97.66544354925043)"
Garth Edwards,Untitled,Conley-Guerrero Senior Activity Center,808 Nile Rd.;,Austin,TX,78702,http://assets.austintexas.gov/aipp/images/pic1988_002.jpg,http://www.austintexas.gov/aipp/aipp_detail.cfm?art=92 ,"808 Nile Rd.;
Austin, TX 78702
(30.266028922049486, -97.71101219647505)"
Elena Eidelberg,Big Snake,Austin Nature & Science Center ,301 Nature Center Dr.;,Austin,TX,78746,http://assets.austintexas.gov/aipp/images/pic1997_016.jpg;http://assets.austintexas.gov/aipp/images/pic1997_016_2.gif;http://assets.austintexas.gov/aipp/images/pic1997_016_3.gif;,http://www.austintexas.gov/aipp/aipp_detail.cfm?art=128 ,"301 Nature Center Dr.;
Austin, TX 78746
(30.272315183034266, -97.77514285038444)"
Elementary School Children From Dove Springs Area,Untitled,Southeast Austin Community Branch,5803 Nuckols Crossing;,Austin,TX,78744,http://assets.austintexas.gov/aipp/images/pic1998_001.jpg;http://assets.austintexas.gov/aipp/images/pic1998_001_2.jpg;http://assets.austintexas.gov/aipp/images/pic1998_001_3.jpg;,http://www.austintexas.gov/aipp/aipp_detail.cfm?art=129 ,"5803 Nuckols Crossing;
Austin, TX 78744
(30.187860944732922, -97.74223740897932)"
Courtney Enriquez ,A Dream,Dove Springs Recreation Center,5801 Ainez Dr.;,Austin,TX,78744,http://assets.austintexas.gov/aipp/images/pic1998_002.jpg,http://www.austintexas.gov/aipp/aipp_detail.cfm?art=130 ,"5801 Ainez Dr.;
Austin, TX 78744
(30.187670993636573, -97.739493725143)"
Thomas Evans,Hill of the Medicine Man,Austin-Bergstrom International Airport,3600 Presidential Blvd.;,Austin,TX,78719,http://assets.austintexas.gov/aipp/images/pic1999_002_1.jpg;http://assets.austintexas.gov/aipp/images/pic1999_002_2.jpg;http://assets.austintexas.gov/aipp/images/pic1999_002_3.jpg;,http://www.austintexas.gov/aipp/aipp_detail.cfm?art=135 ,"3600 Presidential Blvd.;
Austin, TX 78719
(30.202653698644724, -97.66544354925043)"
David Everett,Oak Hill Triptych,Hampton Branch at Oak Hill,5125 Convict Hill Rd.;,Austin,TX,78749,http://assets.austintexas.gov/aipp/images/pic1997_003.jpg,http://www.austintexas.gov/aipp/aipp_detail.cfm?art=126 ,"5125 Convict Hill Rd.;
Austin, TX 78749
(30.219201223983816, -97.8552544567545)"
Kelly Fearing,Collector Revisited,Learning & Research Center,2800  Star of Texas Rd.;,Austin,TX,78719,http://assets.austintexas.gov/aipp/images/pic1997_013.jpg,http://www.austintexas.gov/aipp/aipp_detail.cfm?art=181 ,"2800 Star of Texas Rd.;
Austin, TX 78719
(30.136680000082094, -97.67493999978103)"
Sandra Fiedorek,to Parts Unknown,Austin-Bergstrom International Airport,3600 Presidential Blvd.;,Austin,TX,78719,http://assets.austintexas.gov/aipp/images/pic1999_007_1.jpg;http://assets.austintexas.gov/aipp/images/pic1999_007_2.jpg;http://assets.austintexas.gov/aipp/images/pic1999_007_3.jpg;,http://www.austintexas.gov/aipp/aipp_detail.cfm?art=140 ,"3600 Presidential Blvd.;
Austin, TX 78719
(30.202653698644724, -97.66544354925043)"
Sandra Fiedorek,Doctor Pangloss,Household Hazardous Waste Collection Facility,3810 Todd Lane;,Austin,TX,,http://assets.austintexas.gov/aipp/images/pangloss_fiedorek.jpg;http://assets.austintexas.gov/aipp/images/pic1999_009_2.jpg;http://assets.austintexas.gov/aipp/images/pic1999_009_3.jpg;,http://www.austintexas.gov/aipp/aipp_detail.cfm?art=185 ,"3810 Todd Lane;
Austin, TX
(30.2134455629963, -97.7362741522781)"
Sandra Fiedorek,"-56""- (Fifty-Six Inches)",Howson Branch,2500 Exposition Blvd.;,Austin,TX,78703,http://assets.austintexas.gov/aipp/images/pic1996_006.jpg,http://www.austintexas.gov/aipp/aipp_detail.cfm?art=122 ,"2500 Exposition Blvd.;
Austin, TX 78703
(30.298125725275213, -97.76735472161073)"
John Fisher,Sesquicentennial Mural,Carver Branch,1161 Angelina St.;,Austin,TX,78702,http://assets.austintexas.gov/aipp/images/pic1986_001.jpg;http://assets.austintexas.gov/aipp/images/pic1986_001_2.jpg;http://assets.austintexas.gov/aipp/images/pic1986_001_3.jpg;,http://www.austintexas.gov/aipp/aipp_detail.cfm?art=183 ,"1161 Angelina St.;
Austin, TX 78702
(30.269949966097215, -97.72449303369427)"
Malou Flato,Untitled,Waller Creek Center,625 East 10th Street;,Austin,TX,78701,http://assets.austintexas.gov/aipp/images/pic1993_008.jpg,http://www.austintexas.gov/aipp/aipp_detail.cfm?art=108 ,"625 East 10th Street;
Austin, TX 78701
(30.269833054233402, -97.73455644720212)"
Virginia Fleck,Lamina Groove,Deep Eddy EMS Station #17,Veterans Drive;,Austin,TX,,http://assets.austintexas.gov/aipp/images/lamina_fleck.jpg;http://assets.austintexas.gov/aipp/images/pic2002_006_2.jpg;http://assets.austintexas.gov/aipp/images/pic2002_006_3.jpg;,http://www.austintexas.gov/aipp/aipp_detail.cfm?art=195 ,"Veterans Drive;
Austin, TX
(30.267600000339883, -97.74297999972708)"
Matthew Fuller,Beach Dogs,Health and Human Services Administration,7201 Levander Loop;,Austin,TX,78702,http://assets.austintexas.gov/aipp/images/beachdogs_fuller.jpg,http://www.austintexas.gov/aipp/aipp_detail.cfm?art=224 ,"7201 Levander Loop;
Austin, TX 78702
(30.252912715050357, -97.69302633905961)"
Wanda Gamble,Hidden Canyon,Texas Cancer Center at Brackenridge Hospital,601 E 15th St.; 9th Floor,Austin,TX,78701,http://assets.austintexas.gov/aipp/images/pic1993_001.jpg,http://www.austintexas.gov/aipp/aipp_detail.cfm?art=164 ,"601 E 15th St.; 9th Floor
Austin, TX 78701
(30.27515704064689, -97.73329739636114)"
Martha Gannon,Deuce Gates,Austin Tennis Center,7800 Johnny Morris Road;,Austin,TX,78724,http://assets.austintexas.gov/aipp/images/pic2008_009_1.jpg;http://assets.austintexas.gov/aipp/images/pic2008_009_2.jpg;http://assets.austintexas.gov/aipp/images/pic2008_009_3.jpg;,http://www.austintexas.gov/aipp/aipp_detail.cfm?art=533 ,"7800 Johnny Morris Road;
Austin, TX 78724
(30.311597569274113, -97.6382390578641)"
Laura Garanzuay,Rayo de Esperanza - A Beacon of Hope: Sculpture; Community Kiosk; Benches,Terrazas Branch Library,1105 E. Cesar Chavez Street;,Austin,TX,78702,http://assets.austintexas.gov/aipp/images/pic2009_001_1.jpg;http://assets.austintexas.gov/aipp/images/pic2009_001_2.jpg;http://assets.austintexas.gov/aipp/images/pic2009_001_3.jpg;,http://www.austintexas.gov/aipp/aipp_detail.cfm?art=513 ,"1105 E. Cesar Chavez Street;
Austin, TX 78702
(30.260024534650952, -97.73317439552804)"
Martin Garcia,Las Acciones del Pasado Aseguran el Exito Hacia el Futuro (The Actions of the Past Ensure Success for the Future),A.B. Cantu / Pan Am Recreation Center,2100 E. 3rd St.;,Austin,TX,78702,http://assets.austintexas.gov/aipp/images/pic2004_003_1.jpg;http://assets.austintexas.gov/aipp/images/pic2004_003_2.jpg;http://assets.austintexas.gov/aipp/images/pic2004_003_3.jpg;,http://www.austintexas.gov/aipp/aipp_detail.cfm?art=222 ,"2100 E. 3rd St.;
Austin, TX 78702
(30.257854084803114, -97.72073386761178)"
Jake Gilson,Untitled,North Austin Police Substation,12400 Lamplight Village Ave.;,Austin,TX,78727,http://assets.austintexas.gov/aipp/images/pic1994_011.jpg,http://www.austintexas.gov/aipp/aipp_detail.cfm?art=114 ,"12400 Lamplight Village Ave.;
Austin, TX 78727
(30.41594458828731, -97.69589651948735)"
Linnea Glatt,Reflect,South Austin Police/Fire/EMS Station,400 Ralph Ablanedo Drive;,Austin,TX,,http://assets.austintexas.gov/aipp/images/pic2002_002_1.jpg;http://assets.austintexas.gov/aipp/images/pic2002_002_2.jpg;http://assets.austintexas.gov/aipp/images/pic2002_002_3.jpg;,http://www.austintexas.gov/aipp/aipp_detail.cfm?art=193 ,"400 Ralph Ablanedo Drive;
Austin, TX
(30.174289081840584, -97.79204111131497)"
Hawkeye Glenn,formation; language; memory,Susanna Dickinson House,Brush Square Park; 409 East Fifth Street,Austin,TX,78701,http://assets.austintexas.gov/aipp/images/pic0000_003_1.jpg;http://assets.austintexas.gov/aipp/images/2010_003_2.jpg;http://assets.austintexas.gov/aipp/images/2010_003_3.jpg;,http://www.austintexas.gov/aipp/aipp_detail.cfm?art=534 ,"Brush Square Park; 409 East Fifth Street
Austin, TX 78701
(30.269920000307934, -97.74332000011776)"
Ambray Gonzales,Reach for your Dreams,Montopolis Youth Sports Complex,1200 Montopolis Drive;,Austin,TX,,http://assets.austintexas.gov/aipp/images/reach_gonzales.jpg;http://assets.austintexas.gov/aipp/images/pic2002_001_2.jpg;http://assets.austintexas.gov/aipp/images/pic2002_001_3.jpg;,http://www.austintexas.gov/aipp/aipp_detail.cfm?art=189 ,"1200 Montopolis Drive;
Austin, TX
(30.231944617138993, -97.69905121348535)"
Glenna Goodacre,Philosophers Rock,Zilker Park (Barton Springs Pool),2201 Barton Springs Rd.;,Austin,TX,78704,http://assets.austintexas.gov/aipp/images/pic1994_012_1.jpg;http://assets.austintexas.gov/aipp/images/pic1994_012_2.jpg;http://assets.austintexas.gov/aipp/images/pic1994_012_3.jpg;,http://www.austintexas.gov/aipp/aipp_detail.cfm?art=203 ,"2201 Barton Springs Rd.;
Austin, TX 78704
(30.26471932275173, -97.7650138477224)"
Nell Gould,Q (not a quince),Learning & Research Center,2800  Star of Texas Rd.;,Austin,TX,78719,http://assets.austintexas.gov/aipp/images/pic1997_006.jpg,http://www.austintexas.gov/aipp/aipp_detail.cfm?art=174 ,"2800 Star of Texas Rd.;
Austin, TX 78719
(30.136680000082094, -97.67493999978103)"
Buster Graybill,Bait Box,East Side Hike and Bike Trail,;,Austin,Texas,78702,http://assets.austintexas.gov/aipp/images/pic002_2009_1.jpg;http://assets.austintexas.gov/aipp/images/pic002_2009_2.jpg;http://assets.austintexas.gov/aipp/images/pic002_2009_3.jpg;,http://www.austintexas.gov/aipp/aipp_detail.cfm?art=539 ,";
Austin, Texas 78702
(30.265009999611948, -97.71688999987344)"
Berthold Haas,Grotto Wall at Sparky Park,Sparky Park,3701 Grooms Street;,Austin,TX,78705,http://assets.austintexas.gov/aipp/images/pic2008_006_1.jpg;http://assets.austintexas.gov/aipp/images/pic2008_006_2.jpg;http://assets.austintexas.gov/aipp/images/pic2008_006_3.jpg;,http://www.austintexas.gov/aipp/aipp_detail.cfm?art=511 ,"3701 Grooms Street;
Austin, TX 78705
(30.299249877811803, -97.73244304043328)"
Ralph Helmick,Stevie Ray Vaughan Memorial,Town Lake Hike and Bike Trail,South Bank at South 1st &  Riverside Drive;,Austin,TX,78704,http://assets.austintexas.gov/aipp/images/sr_vaughn_1.jpg;http://assets.austintexas.gov/aipp/images/pic1994_005_2.jpg;http://assets.austintexas.gov/aipp/images/pic1994_005_3.jpg;,http://www.austintexas.gov/aipp/aipp_detail.cfm?art=202 ,"South Bank at South 1st &amp; Riverside Drive;
Austin, TX 78704
(30.243309999856763, -97.76507999994192)"
T. Paul Hernandez,Snake Culvert,Central Access Television Facility ,1143 Northwestern Ave.;,Austin,TX,78702,http://assets.austintexas.gov/aipp/images/pic1990_002_1.jpg;http://assets.austintexas.gov/aipp/images/pic1990_002_2.jpg;http://assets.austintexas.gov/aipp/images/pic1990_002_3.jpg;,http://www.austintexas.gov/aipp/aipp_detail.cfm?art=96 ,"1143 Northwestern Ave.;
Austin, TX 78702
(30.26929346101582, -97.71621027780441)"
T. Paul Hernandez,Opossum Temple and Voodoo Pew,Town Lake Hike and Bike Trail,Possum Point - North Bank at Shoal Creek;,Austin,TX,78701,http://assets.austintexas.gov/aipp/images/pic1993_007.jpg,http://www.austintexas.gov/aipp/aipp_detail.cfm?art=107 ,"Possum Point - North Bank at Shoal Creek;
Austin, TX 78701
(30.269920000307934, -97.74332000011776)"
T. Paul Hernandez,Sanctuary of the Tribal Alligator,Hill Elementary School Park,8601 Tallwood Dr.;,Austin,TX,78759,http://assets.austintexas.gov/aipp/images/pic1988_005_1.jpg;http://assets.austintexas.gov/aipp/images/pic1988_005_2.jpg;http://assets.austintexas.gov/aipp/images/pic1988_005_3.jpg;,http://www.austintexas.gov/aipp/aipp_detail.cfm?art=94 ,"8601 Tallwood Dr.;
Austin, TX 78759
(30.377320023175344, -97.74903553187386)"
Louis Herrera,Zilker Gardens Main Entry Gate,Zilker Botanical Garden,2220 Barton Springs Rd.;,Austin,TX,78746,http://assets.austintexas.gov/aipp/images/pic1995_002_1.jpg;http://assets.austintexas.gov/aipp/images/pic1995_002_2.jpg;http://assets.austintexas.gov/aipp/images/pic1995_002_3.jpg;,http://www.austintexas.gov/aipp/aipp_detail.cfm?art=116 ,"2220 Barton Springs Rd.;
Austin, TX 78746
(30.26623576611621, -97.76896450804315)"
Robert Herrera,For La Raza,Holly Street Power Plant,2400 Holly St.;,Austin,TX,78702,http://assets.austintexas.gov/aipp/images/pic1992_006.jpg,http://www.austintexas.gov/aipp/aipp_detail.cfm?art=104 ,"2400 Holly St.;
Austin, TX 78702
(30.25158178209171, -97.72072545231359)"
David Heymann,"-56""- (Fifty-Six Inches)",Howson Branch,2500 Exposition Blvd.;,Austin,TX,78703,http://assets.austintexas.gov/aipp/images/pic1996_006.jpg,http://www.austintexas.gov/aipp/aipp_detail.cfm?art=122 ,"2500 Exposition Blvd.;
Austin, TX 78703
(30.298125725275213, -97.76735472161073)"
David Heymann,Doctor Pangloss,Household Hazardous Waste Collection Facility,3810 Todd Lane;,Austin,TX,,http://assets.austintexas.gov/aipp/images/pangloss_fiedorek.jpg;http://assets.austintexas.gov/aipp/images/pic1999_009_2.jpg;http://assets.austintexas.gov/aipp/images/pic1999_009_3.jpg;,http://www.austintexas.gov/aipp/aipp_detail.cfm?art=185 ,"3810 Todd Lane;
Austin, TX
(30.2134455629963, -97.7362741522781)"
Benito Huerta,Snake Path,Mexican American Cultural Center,600 River Street;,Austin,TX,78701,http://assets.austintexas.gov/aipp/images/pic2007_003_1.jpg;http://assets.austintexas.gov/aipp/images/pic2007_003_2.jpg;http://assets.austintexas.gov/aipp/images/pic2007_003_3.jpg;,http://www.austintexas.gov/aipp/aipp_detail.cfm?art=509 ,"600 River Street;
Austin, TX 78701
(30.25799797632783, -97.73958365734592)"
Leticia Huerta,Padre Nuestro,Learning & Research Center,2800  Star of Texas Rd.;,Austin,TX,78719,http://assets.austintexas.gov/aipp/images/pic1997_014.jpg,http://www.austintexas.gov/aipp/aipp_detail.cfm?art=182 ,"2800 Star of Texas Rd.;
Austin, TX 78719
(30.136680000082094, -97.67493999978103)"
Barbara Jackson - Poe ,Unity: The Tree of Life,Dove Springs Recreation Center,5801 Ainez Dr.;,Austin,TX,78744,http://assets.austintexas.gov/aipp/images/pic1998_003.jpg;http://assets.austintexas.gov/aipp/images/pic1998_003_2.jpg;http://assets.austintexas.gov/aipp/images/pic1998_003_3.jpg;,http://www.austintexas.gov/aipp/aipp_detail.cfm?art=131 ,"5801 Ainez Dr.;
Austin, TX 78744
(30.187670993636573, -97.739493725143)"
Jimmy Jalapeeno,Green Austin Series,Austin-Bergstrom International Airport,3600 Presidential Blvd.;,Austin,TX,78719,http://assets.austintexas.gov/aipp/images/pic1991_001_1.jpg;http://assets.austintexas.gov/aipp/images/pic1991_001_2.jpg;http://assets.austintexas.gov/aipp/images/pic1991_001_3.jpg;,http://www.austintexas.gov/aipp/aipp_detail.cfm?art=184 ,"3600 Presidential Blvd.;
Austin, TX 78719
(30.202653698644724, -97.66544354925043)"
Jimmy Jalapeeno,Tree on Barton Creek,Austin City Hall & Public Plaza,300 Cesar Chavez Street;,Austin,TX,,http://assets.austintexas.gov/aipp/images/pic1994_008.jpg,http://www.austintexas.gov/aipp/aipp_detail.cfm?art=169 ,"300 Cesar Chavez Street;
Austin, TX
(30.262762792232973, -97.74207698152165)"
James Janknegt ,Our Neighborhood,Austin City Hall & Public Plaza,300 Cesar Chavez Street;,Austin,TX,,http://assets.austintexas.gov/aipp/images/pic1994_007.jpg,http://www.austintexas.gov/aipp/aipp_detail.cfm?art=168 ,"300 Cesar Chavez Street;
Austin, TX
(30.262762792232973, -97.74207698152165)"
Douglas Jaques,Vision,City Municipal Building,124 West Eighth St.; 3rd Floor;,Austin,TX,78701,http://assets.austintexas.gov/aipp/images/pic1994_009.jpg,http://www.austintexas.gov/aipp/aipp_detail.cfm?art=170 ,"124 West Eighth St.; 3rd Floor;
Austin, TX 78701
(30.270228755926325, -97.74312698614136)"
Judy Jensen,Voyages,Austin-Bergstrom International Airport,3600 Presidential Blvd.;,Austin,TX,78719,http://assets.austintexas.gov/aipp/images/pic1999_006_1.jpg;http://assets.austintexas.gov/aipp/images/pic1999_006_2.jpg;http://assets.austintexas.gov/aipp/images/pic1999_006_3.jpg;,http://www.austintexas.gov/aipp/aipp_detail.cfm?art=139 ,"3600 Presidential Blvd.;
Austin, TX 78719
(30.202653698644724, -97.66544354925043)"
Jules BuckJones,Golden-Cheeked Warbler,Wildlife Conservation Division at Reicher Ranch,3635 RR 620 South;,Austin,TX,78738,http://assets.austintexas.gov/aipp/images/pic2009_004_1.jpg;http://assets.austintexas.gov/aipp/images/pic2009_004_2.jpg;http://assets.austintexas.gov/aipp/images/pic2009_004_3.jpg;,http://www.austintexas.gov/aipp/aipp_detail.cfm?art=521 ,"3635 RR 620 South;
Austin, TX 78738
(30.31908674332275, -97.95144847277496)"
Jules BuckJones,Jolly-Ville Plateau Salamander,Wildlife Conservation Division at Reicher Ranch,3635 RR 620 South;,Austin,TX,78738,http://assets.austintexas.gov/aipp/images/pic2009_005_1.jpg;http://assets.austintexas.gov/aipp/images/pic2009_005_2.jpg;http://assets.austintexas.gov/aipp/images/pic2009_005_3.jpg;,http://www.austintexas.gov/aipp/aipp_detail.cfm?art=522 ,"3635 RR 620 South;
Austin, TX 78738
(30.31908674332275, -97.95144847277496)"
Young-Min Kang,Austin Downtown Cruiser (Day),Austin-Bergstrom International Airport,3600 Presidential Blvd.;,Austin,TX,78719,http://assets.austintexas.gov/aipp/images/pic2009_006a_1.jpg;http://assets.austintexas.gov/aipp/images/pic2009_006a_2.jpg;http://assets.austintexas.gov/aipp/images/pic2009_006a_3.jpg;,http://www.austintexas.gov/aipp/aipp_detail.cfm?art=535 ,"3600 Presidential Blvd.;
Austin, TX 78719
(30.202653698644724, -97.66544354925043)"
Young-Min Kang,Austin Downtown Cruiser (Night),Austin-Bergstrom International Airport,3600 Presidential Blvd.;,Austin,TX,78719,http://assets.austintexas.gov/aipp/images/pic2009_006b_1.jpg;http://assets.austintexas.gov/aipp/images/pic2009_006b_2.jpg;http://assets.austintexas.gov/aipp/images/pic2009_006b_3.jpg;,http://www.austintexas.gov/aipp/aipp_detail.cfm?art=536 ,"3600 Presidential Blvd.;
Austin, TX 78719
(30.202653698644724, -97.66544354925043)"
Gabel Karsten,One by One,Learning & Research Center,2800  Star of Texas Rd.;,Austin,TX,78719,http://assets.austintexas.gov/aipp/images/pic1997_007.jpg,http://www.austintexas.gov/aipp/aipp_detail.cfm?art=175 ,"2800 Star of Texas Rd.;
Austin, TX 78719
(30.136680000082094, -97.67493999978103)"
Misty Keasler,Kids in the Mirror; Orphanage at Svir Stroi. Svir Stroi; Russia,Health and Human Services Administration,7201 Levander Loop;,Austin,TX,78702,http://assets.austintexas.gov/aipp/images/kids_keasler.jpg,http://www.austintexas.gov/aipp/aipp_detail.cfm?art=208 ,"7201 Levander Loop;
Austin, TX 78702
(30.252912715050357, -97.69302633905961)"
Philippe Klinefelter,Medicinal Plant Wall,Far Southeast EMS Station,5811 Nuckols Crossing Rd.;,Austin,TX,78744,http://assets.austintexas.gov/aipp/images/medicinal_klinefelter.jpg;http://assets.austintexas.gov/aipp/images/pic2004_001_2.jpg;http://assets.austintexas.gov/aipp/images/pic2004_001_3.jpg;,http://www.austintexas.gov/aipp/aipp_detail.cfm?art=220 ,"5811 Nuckols Crossing Rd.;
Austin, TX 78744
(30.187410190248045, -97.74255142004262)"
Will Larson,Discovery,Daniel E. Ruiz Branch Library,1600 Grove Blvd;,Austin,TX,78704,http://assets.austintexas.gov/aipp/images/pic2003_015_1.jpg;http://assets.austintexas.gov/aipp/images/pic2003_015_2.jpg;http://assets.austintexas.gov/aipp/images/pic2003_015_3.jpg;,http://www.austintexas.gov/aipp/aipp_detail.cfm?art=217 ,"1600 Grove Blvd;
Austin, TX 78704
(30.23026288494424, -97.70639867446477)"
Will Larson,! Mira !,"Lorraine ""Grandma"" Camacho Center",34 Robert T. Martinez Jr. St.;,Austin,TX,,http://assets.austintexas.gov/aipp/images/mira_larson.jpg;http://assets.austintexas.gov/aipp/images/pic2000_004_2.jpg;http://assets.austintexas.gov/aipp/images/pic2000_004_3.jpg;,http://www.austintexas.gov/aipp/aipp_detail.cfm?art=186 ,"34 Robert T. Martinez Jr. St.;
Austin, TX
(30.249751193319128, -97.72356673200409)"
Andrea Legge,Elevated Prairie,Central/East Austin Police/Forensics Lab,812 Springdale Road;,Austin,TX,78702,http://assets.austintexas.gov/aipp/images/pic2004_002_1.jpg;http://assets.austintexas.gov/aipp/images/pic2004_002_2.jpg;http://assets.austintexas.gov/aipp/images/pic2004_002_3.jpg;,http://www.austintexas.gov/aipp/aipp_detail.cfm?art=221 ,"812 Springdale Road;
Austin, TX 78702
(30.25887931191653, -97.69989657619288)"
R. Murray Legge,Elevated Prairie,Central/East Austin Police/Forensics Lab,812 Springdale Road;,Austin,TX,78702,http://assets.austintexas.gov/aipp/images/pic2004_002_1.jpg;http://assets.austintexas.gov/aipp/images/pic2004_002_2.jpg;http://assets.austintexas.gov/aipp/images/pic2004_002_3.jpg;,http://www.austintexas.gov/aipp/aipp_detail.cfm?art=221 ,"812 Springdale Road;
Austin, TX 78702
(30.25887931191653, -97.69989657619288)"
Robert Levers,Four Terrorists Trapped in a Bullring,Learning & Research Center,2800  Star of Texas Rd.;,Austin,TX,78719,http://assets.austintexas.gov/aipp/images/pic1997_008.jpg,http://www.austintexas.gov/aipp/aipp_detail.cfm?art=176 ,"2800 Star of Texas Rd.;
Austin, TX 78719
(30.136680000082094, -97.67493999978103)"
Deborah EveLewis,Elevated Prairie,Central/East Austin Police/Forensics Lab,812 Springdale Road;,Austin,TX,78702,http://assets.austintexas.gov/aipp/images/pic2004_002_1.jpg;http://assets.austintexas.gov/aipp/images/pic2004_002_2.jpg;http://assets.austintexas.gov/aipp/images/pic2004_002_3.jpg;,http://www.austintexas.gov/aipp/aipp_detail.cfm?art=221 ,"812 Springdale Road;
Austin, TX 78702
(30.25887931191653, -97.69989657619288)"
Ken Little,Homeland Security,Butler Park,;,Austin,Texas,78701,http://assets.austintexas.gov/aipp/images/pic005_2009_1.jpg;http://assets.austintexas.gov/aipp/images/pic005_2009_2.jpg;http://assets.austintexas.gov/aipp/images/pic005_2009_3.jpg;,http://www.austintexas.gov/aipp/aipp_detail.cfm?art=542 ,";
Austin, Texas 78701
(30.25604476813926, -97.73717840179187)"
Ben M.Livingston,Confabulating Orbits,Austin Convention Center,500 East Cesar Chavez St.;,Austin,TX,78701,http://assets.austintexas.gov/aipp/images/pic1996_004_1.jpg;http://assets.austintexas.gov/aipp/images/pic1996_004_2.jpg;http://assets.austintexas.gov/aipp/images/pic1996_004_3.jpg;,http://www.austintexas.gov/aipp/aipp_detail.cfm?art=120 ,"500 East Cesar Chavez St.;
Austin, TX 78701
(30.26473389832728, -97.74923338272032)"
Jimmy Luu,Letterscape,Health and Human Services Campus,7201 Levander Loop;,Austin,TX,78702,http://assets.austintexas.gov/aipp/images/pic2008_001_1.jpg;http://assets.austintexas.gov/aipp/images/pic2008_001_2.jpg;http://assets.austintexas.gov/aipp/images/pic2008_001_3.jpg;,http://www.austintexas.gov/aipp/aipp_detail.cfm?art=517 ,"7201 Levander Loop;
Austin, TX 78702
(30.252912715050357, -97.69302633905961)"
Peter Mangan,Sky Gates,EMS Station # 14,7200 Berkman Drive;,Austin,TX,,http://assets.austintexas.gov/aipp/images/sky_gates.jpg;http://assets.austintexas.gov/aipp/images/pic2000_005_2.jpg;http://assets.austintexas.gov/aipp/images/pic2000_005_3.jpg;,http://www.austintexas.gov/aipp/aipp_detail.cfm?art=190 ,"7200 Berkman Drive;
Austin, TX
(30.32465702044624, -97.68935170918957)"
Rosario  Marquardt,Open Room Austin,Sand Beach Park,;,Austin,TX,78701,http://assets.austintexas.gov/aipp/images/pic0000_001_1.jpg;http://assets.austintexas.gov/aipp/images/pic0000_001_2.jpg;http://assets.austintexas.gov/aipp/images/pic0000_001_3.jpg;,http://www.austintexas.gov/aipp/aipp_detail.cfm?art=526 ,";
Austin, TX 78701
(30.25604476813926, -97.73717840179187)"
Phil Martin,Untitled,Southeast Austin Community Branch,5803 Nuckols Crossing;,Austin,TX,78744,http://assets.austintexas.gov/aipp/images/pic1998_001.jpg;http://assets.austintexas.gov/aipp/images/pic1998_001_2.jpg;http://assets.austintexas.gov/aipp/images/pic1998_001_3.jpg;,http://www.austintexas.gov/aipp/aipp_detail.cfm?art=129 ,"5803 Nuckols Crossing;
Austin, TX 78744
(30.187860944732922, -97.74223740897932)"
Alfredo Martinez,The Children are the Future,Holly Street Power Plant,2400 Holly St.;,Austin,TX,78702,http://assets.austintexas.gov/aipp/images/pic1991_003.jpg,http://www.austintexas.gov/aipp/aipp_detail.cfm?art=99 ,"2400 Holly St.;
Austin, TX 78702
(30.25158178209171, -97.72072545231359)"
Armando Martinez,Signs of the Times,Holly Street Power Plant,2400 Holly St.;,Austin,TX,78702,http://assets.austintexas.gov/aipp/images/pic1991_004.jpg,http://www.austintexas.gov/aipp/aipp_detail.cfm?art=100 ,"2400 Holly St.;
Austin, TX 78702
(30.25158178209171, -97.72072545231359)"
Armando Martinez,Me Barrio,Holly Street Power Plant,2400 Holly St.;,Austin,TX,78702,http://assets.austintexas.gov/aipp/images/pic1991_008_1.jpg;http://assets.austintexas.gov/aipp/images/pic1991_008_2.jpg;http://assets.austintexas.gov/aipp/images/pic1991_008_3.jpg;,http://www.austintexas.gov/aipp/aipp_detail.cfm?art=101 ,"2400 Holly St.;
Austin, TX 78702
(30.25158178209171, -97.72072545231359)"
Lizzie Martinez,formation; language; memory,Susanna Dickinson House,Brush Square Park; 409 East Fifth Street,Austin,TX,78701,http://assets.austintexas.gov/aipp/images/pic0000_003_1.jpg;http://assets.austintexas.gov/aipp/images/2010_003_2.jpg;http://assets.austintexas.gov/aipp/images/2010_003_3.jpg;,http://www.austintexas.gov/aipp/aipp_detail.cfm?art=534 ,"Brush Square Park; 409 East Fifth Street
Austin, TX 78701
(30.269920000307934, -97.74332000011776)"
Freddie McCoo,A River Runs Thru Us,Carver Branch,1161 Angelina St.;,Austin,TX,78702,http://assets.austintexas.gov/aipp/images/ariver_mccoo.jpg;http://assets.austintexas.gov/aipp/images/pic2004_006_2.jpg;http://assets.austintexas.gov/aipp/images/pic2004_006_3.jpg;,http://www.austintexas.gov/aipp/aipp_detail.cfm?art=300 ,"1161 Angelina St.;
Austin, TX 78702
(30.269949966097215, -97.72449303369427)"
Colin McIntyre,Emergence,Butler Park,;,Austin,Texas,78701,http://assets.austintexas.gov/aipp/images/pic003_2009_1.jpg;http://assets.austintexas.gov/aipp/images/pic003_2009_2.jpg;http://assets.austintexas.gov/aipp/images/pic003_2009_3.jpg;,http://www.austintexas.gov/aipp/aipp_detail.cfm?art=540 ,";
Austin, Texas 78701
(30.25604476813926, -97.73717840179187)"
Colin McIntyre,Arboreal Passage,Austin Nature & Science Center ,301 Nature Center Dr.;,Austin,TX,78746,http://assets.austintexas.gov/aipp/images/arborealarch_5.jpg;http://assets.austintexas.gov/aipp/images/arborealarch_4.jpg;http://assets.austintexas.gov/aipp/images/arborealarch_6.jpg;,http://www.austintexas.gov/aipp/aipp_detail.cfm?art=545 ,"301 Nature Center Dr.;
Austin, TX 78746
(30.272315183034266, -97.77514285038444)"
Deborah Mersky,High Water Mark,Cesar Chavez Streetscape,Cesar Chavez; East and West of S. First Street;,Austin,TX,78701,http://assets.austintexas.gov/aipp/images/pic2008_008_1.jpg;http://assets.austintexas.gov/aipp/images/pic2008_008_2.jpg;http://assets.austintexas.gov/aipp/images/pic2008_008_3.jpg;,http://www.austintexas.gov/aipp/aipp_detail.cfm?art=532 ,"Cesar Chavez; East and West of S. First Street;
Austin, TX 78701
(30.269920000307934, -97.74332000011776)"
Metz Recreation Center Students,Me Barrio,Holly Street Power Plant,2400 Holly St.;,Austin,TX,78702,http://assets.austintexas.gov/aipp/images/pic1991_008_1.jpg;http://assets.austintexas.gov/aipp/images/pic1991_008_2.jpg;http://assets.austintexas.gov/aipp/images/pic1991_008_3.jpg;,http://www.austintexas.gov/aipp/aipp_detail.cfm?art=101 ,"2400 Holly St.;
Austin, TX 78702
(30.25158178209171, -97.72072545231359)"
Nobuho Nagasawa,Seeding Time,Austin City Hall & Public Plaza,300 Cesar Chavez Street;,Austin,TX,,http://assets.austintexas.gov/aipp/images/pic2004_005_1.jpg;http://assets.austintexas.gov/aipp/images/pic2004_005_2.jpg;http://assets.austintexas.gov/aipp/images/pic2004_005_3.jpg;,http://www.austintexas.gov/aipp/aipp_detail.cfm?art=500 ,"300 Cesar Chavez Street;
Austin, TX
(30.262762792232973, -97.74207698152165)"
David Newton,Spirit of Hope,Millennium Youth Entertainment Complex,1156 Hargrave St.;,Austin,TX,78702,http://assets.austintexas.gov/aipp/images/pic2000_003_1.jpg;http://assets.austintexas.gov/aipp/images/pic2000_003_2.jpg;http://assets.austintexas.gov/aipp/images/pic2000_003_3.jpg;,http://www.austintexas.gov/aipp/aipp_detail.cfm?art=143 ,"1156 Hargrave St.;
Austin, TX 78702
(30.272549006761892, -97.70953730834702)"
Lori Norwood,Learning to Fly,Milwood Branch,12500 Amherst Dr.;,Austin,TX,78727,http://assets.austintexas.gov/aipp/images/pic1997_015_1.jpg;http://assets.austintexas.gov/aipp/images/pic1997_015_2.jpg;http://assets.austintexas.gov/aipp/images/pic1997_015_3.jpg;,http://www.austintexas.gov/aipp/aipp_detail.cfm?art=127 ,"12500 Amherst Dr.;
Austin, TX 78727
(30.423104507687015, -97.71459149815166)"
Pat Oliphant,Angelina Eberly,Congress and 6th Street,West side between 6th and 7th Street;,Austin,TX,,http://assets.austintexas.gov/aipp/images/angelina_oliphant.jpg;http://assets.austintexas.gov/aipp/images/pic2004_004_2.jpg;http://assets.austintexas.gov/aipp/images/pic2004_004_3.jpg;,http://www.austintexas.gov/aipp/aipp_detail.cfm?art=301 ,"West side between 6th and 7th Street;
Austin, TX
(30.267600000339883, -97.74297999972708)"
Andrew Ortiz,Worker,Health and Human Services Administration,7201 Levander Loop;,Austin,TX,78702,http://assets.austintexas.gov/aipp/images/pic2003_005_1.jpg,http://www.austintexas.gov/aipp/aipp_detail.cfm?art=209 ,"7201 Levander Loop;
Austin, TX 78702
(30.252912715050357, -97.69302633905961)"
Jill Pangallo,Let Me Entertain You,Fiesta Gardens Courtyard,2101 Jesse E. Segovia Street;,Austin,TX,78702,http://assets.austintexas.gov/aipp/images/pic004_2009_1.jpg;http://assets.austintexas.gov/aipp/images/pic004_2009_2.jpg;http://assets.austintexas.gov/aipp/images/pic004_2009_3.jpg;,http://www.austintexas.gov/aipp/aipp_detail.cfm?art=541 ,"2101 Jesse E. Segovia Street;
Austin, TX 78702
(30.249859111962678, -97.72488873538714)"
Jorge Pardo,The Courtyard,Conley-Guerrero Senior Activity Center,808 Nile Rd.;,Austin,TX,78702,http://assets.austintexas.gov/aipp/images/pic1988_003_1.jpg;http://assets.austintexas.gov/aipp/images/pic1988_003_2.jpg;http://assets.austintexas.gov/aipp/images/pic1988_003.jpg;,http://www.austintexas.gov/aipp/aipp_detail.cfm?art=93 ,"808 Nile Rd.;
Austin, TX 78702
(30.266028922049486, -97.71101219647505)"
Beverly Penn,Community Core Sample Project,St. John's Multipurpose Center,Corner of Blessing and Wheatly Ave.;,Austin,TX,,http://assets.austintexas.gov/aipp/images/pic2003_001_1b.jpg;http://assets.austintexas.gov/aipp/images/pic2003_001_2b.jpg;http://assets.austintexas.gov/aipp/images/pic2003_001_3b.jpg;,http://www.austintexas.gov/aipp/aipp_detail.cfm?art=192 ,"Corner of Blessing and Wheatly Ave.;
Austin, TX
(30.267600000339883, -97.74297999972708)"
Beverly Penn,Threshold Project,St. John's Multipurpose Center,Corner of Blessing and Wheatly Ave.;,Austin,TX,,http://assets.austintexas.gov/aipp/images/pic2003_001_1.jpg;http://assets.austintexas.gov/aipp/images/pic2003_001_2.jpg;http://assets.austintexas.gov/aipp/images/pic2003_001_3.jpg;,http://www.austintexas.gov/aipp/aipp_detail.cfm?art=198 ,"Corner of Blessing and Wheatly Ave.;
Austin, TX
(30.267600000339883, -97.74297999972708)"
Joe Perez,Big Arch,Holly Street Power Plant,2400 Holly St.;,Austin,TX,78702,http://assets.austintexas.gov/aipp/images/pic1992_004_1.jpg;http://assets.austintexas.gov/aipp/images/pic1992_004_2.jpg;http://assets.austintexas.gov/aipp/images/pic1992_004_3.jpg;,http://www.austintexas.gov/aipp/aipp_detail.cfm?art=103 ,"2400 Holly St.;
Austin, TX 78702
(30.25158178209171, -97.72072545231359)"
Joe Perez,Lou Neff Point Gazebo,Town Lake Hike and Bike Trail,South Bank at Barton Creek;,Austin,TX,78704,http://assets.austintexas.gov/aipp/images/pic1993_006.jpg,http://www.austintexas.gov/aipp/aipp_detail.cfm?art=106 ,"South Bank at Barton Creek;
Austin, TX 78704
(30.243309999856763, -97.76507999994192)"
Robert Phillips,Opossum Temple and Voodoo Pew,Town Lake Hike and Bike Trail,Possum Point - North Bank at Shoal Creek;,Austin,TX,78701,http://assets.austintexas.gov/aipp/images/pic1993_007.jpg,http://www.austintexas.gov/aipp/aipp_detail.cfm?art=107 ,"Possum Point - North Bank at Shoal Creek;
Austin, TX 78701
(30.269920000307934, -97.74332000011776)"
Arlene Polite,Untitled,Holly Street Power Plant,2400 Holly St.;,Austin,TX,78702,http://assets.austintexas.gov/aipp/images/untitled_polite.jpg,http://www.austintexas.gov/aipp/aipp_detail.cfm?art=200 ,"2400 Holly St.;
Austin, TX 78702
(30.25158178209171, -97.72072545231359)"
Arlene Polite,Untitled,Holly Street Power Plant,2400 Holly St.;,Austin,TX,78702,http://assets.austintexas.gov/aipp/images/untitled_polite.jpg,http://www.austintexas.gov/aipp/aipp_detail.cfm?art=200 ,"2400 Holly St.;
Austin, TX 78702
(30.25158178209171, -97.72072545231359)"
Arlene Polite,Play,Learning & Research Center,2800  Star of Texas Rd.;,Austin,TX,78719,http://assets.austintexas.gov/aipp/images/pic1997_010.jpg,http://www.austintexas.gov/aipp/aipp_detail.cfm?art=178 ,"2800 Star of Texas Rd.;
Austin, TX 78719
(30.136680000082094, -97.67493999978103)"
Arlene Polite,Printing,Learning & Research Center,2800  Star of Texas Rd.;,Austin,TX,78719,http://assets.austintexas.gov/aipp/images/pic1997_009.jpg,http://www.austintexas.gov/aipp/aipp_detail.cfm?art=177 ,"2800 Star of Texas Rd.;
Austin, TX 78719
(30.136680000082094, -97.67493999978103)"
Damian Priour,The Waller Creek Shelves,Austin Convention Center,500 East Cesar Chavez St.;,Austin,TX,78701,http://assets.austintexas.gov/aipp/images/pic1996_001_1.jpg;http://assets.austintexas.gov/aipp/images/pic1996_001_2.jpg;http://assets.austintexas.gov/aipp/images/pic1996_001_3.jpg;,http://www.austintexas.gov/aipp/aipp_detail.cfm?art=118 ,"500 East Cesar Chavez St.;
Austin, TX 78701
(30.26473389832728, -97.74923338272032)"
Pio Pulido,Dove and the Leaves of Healing,EMS Station #4,1201 Webberville Rd.;,Austin,TX,78721,http://assets.austintexas.gov/aipp/images/pic1996_007.jpg;http://assets.austintexas.gov/aipp/images/pic1996_007_2.jpg;http://assets.austintexas.gov/aipp/images/pic1996_007_3.jpg;,http://www.austintexas.gov/aipp/aipp_detail.cfm?art=123 ,"1201 Webberville Rd.;
Austin, TX 78721
(30.27848453215529, -97.68429333898456)"
Claudia Reese,Untitled,Southeast Austin Community Branch,5803 Nuckols Crossing;,Austin,TX,78744,http://assets.austintexas.gov/aipp/images/pic1998_001.jpg;http://assets.austintexas.gov/aipp/images/pic1998_001_2.jpg;http://assets.austintexas.gov/aipp/images/pic1998_001_3.jpg;,http://www.austintexas.gov/aipp/aipp_detail.cfm?art=129 ,"5803 Nuckols Crossing;
Austin, TX 78744
(30.187860944732922, -97.74223740897932)"
Steven Rendon,Signs of the Times,Holly Street Power Plant,2400 Holly St.;,Austin,TX,78702,http://assets.austintexas.gov/aipp/images/pic1991_004.jpg,http://www.austintexas.gov/aipp/aipp_detail.cfm?art=100 ,"2400 Holly St.;
Austin, TX 78702
(30.25158178209171, -97.72072545231359)"
Priscilla Robinson,Italianos 1; Italianos 2; Italianos 3; Indian Land1; On the Way & Pueblo Trees,Texas Cancer Center at Brackenridge Hospital,601 E 15th St.; 9th Floor,Austin,TX,78701,http://assets.austintexas.gov/aipp/images/pic1993_003.jpg,http://www.austintexas.gov/aipp/aipp_detail.cfm?art=166 ,"601 E 15th St.; 9th Floor
Austin, TX 78701
(30.27515704064689, -97.73329739636114)"
David Santos,Big Arch,Holly Street Power Plant,2400 Holly St.;,Austin,TX,78702,http://assets.austintexas.gov/aipp/images/pic1992_004_1.jpg;http://assets.austintexas.gov/aipp/images/pic1992_004_2.jpg;http://assets.austintexas.gov/aipp/images/pic1992_004_3.jpg;,http://www.austintexas.gov/aipp/aipp_detail.cfm?art=103 ,"2400 Holly St.;
Austin, TX 78702
(30.25158178209171, -97.72072545231359)"
David Santos,Lou Neff Point Gazebo,Town Lake Hike and Bike Trail,South Bank at Barton Creek;,Austin,TX,78704,http://assets.austintexas.gov/aipp/images/pic1993_006.jpg,http://www.austintexas.gov/aipp/aipp_detail.cfm?art=106 ,"South Bank at Barton Creek;
Austin, TX 78704
(30.243309999856763, -97.76507999994192)"
Margo Sawyer,Index for Contemplation,Austin Convention Center,500 East Cesar Chavez St.;,Austin,TX,78701,http://assets.austintexas.gov/aipp/images/pic2002_004_1.jpg;http://assets.austintexas.gov/aipp/images/pic2002_004_2.jpg;http://assets.austintexas.gov/aipp/images/pic2002_004_3.jpg;,http://www.austintexas.gov/aipp/aipp_detail.cfm?art=194 ,"500 East Cesar Chavez St.;
Austin, TX 78701
(30.26473389832728, -97.74923338272032)"
Jack L.Schuller,Crumley's Market,Austin City Hall & Public Plaza,300 Cesar Chavez Street;,Austin,TX,,http://assets.austintexas.gov/aipp/images/pic1994_006.jpg,http://www.austintexas.gov/aipp/aipp_detail.cfm?art=167 ,"300 Cesar Chavez Street;
Austin, TX
(30.262762792232973, -97.74207698152165)"
David Serrano,La Pinata,Learning & Research Center,2800  Star of Texas Rd.;,Austin,TX,78719,http://assets.austintexas.gov/aipp/images/pic1997_011.jpg,http://www.austintexas.gov/aipp/aipp_detail.cfm?art=179 ,"2800 Star of Texas Rd.;
Austin, TX 78719
(30.136680000082094, -97.67493999978103)"
Victoria Smith,Lady Bird Johnson Wildflower Spring #1,Health and Human Services Administration,7201 Levander Loop;,Austin,TX,78702,http://assets.austintexas.gov/aipp/images/pic2003_002_1.jpg,http://www.austintexas.gov/aipp/aipp_detail.cfm?art=205 ,"7201 Levander Loop;
Austin, TX 78702
(30.252912715050357, -97.69302633905961)"
W. Gary Smith,Karst Circle,Circle C Fire/EMS Station,11401 Escarpment Blvd.;,Austin,TX,78749,http://assets.austintexas.gov/aipp/images/pic2004_007_1.jpg,http://www.austintexas.gov/aipp/aipp_detail.cfm?art=502 ,"11401 Escarpment Blvd.;
Austin, TX 78749
(30.213201169987954, -97.87639848873056)"
Terese M.St. Arnauld,The Cyclist,Health and Human Services Administration,7201 Levander Loop;,Austin,TX,78702,http://assets.austintexas.gov/aipp/images/cyclist_starnauld.jpg,http://www.austintexas.gov/aipp/aipp_detail.cfm?art=216 ,"7201 Levander Loop;
Austin, TX 78702
(30.252912715050357, -97.69302633905961)"
Lars A.Stanley,Opossum Temple and Voodoo Pew,Town Lake Hike and Bike Trail,Possum Point - North Bank at Shoal Creek;,Austin,TX,78701,http://assets.austintexas.gov/aipp/images/pic1993_007.jpg,http://www.austintexas.gov/aipp/aipp_detail.cfm?art=107 ,"Possum Point - North Bank at Shoal Creek;
Austin, TX 78701
(30.269920000307934, -97.74332000011776)"
Lars A.Stanley,Tribute to Gus Garcia,Gus Garcia Recreation Center,1106 E. Rundberg Ln.;,Austin,TX,78753,http://assets.austintexas.gov/aipp/images/pic2008_002_1.jpg;http://assets.austintexas.gov/aipp/images/pic2008_002_2.jpg;http://assets.austintexas.gov/aipp/images/pic2008_002_3.jpg;,http://www.austintexas.gov/aipp/aipp_detail.cfm?art=518 ,"1106 E. Rundberg Ln.;
Austin, TX 78753
(30.3545893809695, -97.68204705614235)"
Lars A.Stanley,Fire in the Heart,Firestation #17 ,4123 South First St.;,Austin,TX,78745,http://assets.austintexas.gov/aipp/images/pic1990_003_1.jpg;http://assets.austintexas.gov/aipp/images/pic1990_003_2.jpg;http://assets.austintexas.gov/aipp/images/pic1990_003_3.jpg;,http://www.austintexas.gov/aipp/aipp_detail.cfm?art=97 ,"4123 South First St.;
Austin, TX 78745
(30.22482048732353, -97.77045994311088)"
Lars A.Stanley,Zilker Gardens Main Entry Gate,Zilker Botanical Garden,2220 Barton Springs Rd.;,Austin,TX,78746,http://assets.austintexas.gov/aipp/images/pic1995_002_1.jpg;http://assets.austintexas.gov/aipp/images/pic1995_002_2.jpg;http://assets.austintexas.gov/aipp/images/pic1995_002_3.jpg;,http://www.austintexas.gov/aipp/aipp_detail.cfm?art=116 ,"2220 Barton Springs Rd.;
Austin, TX 78746
(30.26623576611621, -97.76896450804315)"
Rita Starpattern,Outdoor Studio,Central Access Television Facility ,1143 Northwestern Ave.;,Austin,TX,78702,http://assets.austintexas.gov/aipp/images/pic1990_001.jpg,http://www.austintexas.gov/aipp/aipp_detail.cfm?art=95 ,"1143 Northwestern Ave.;
Austin, TX 78702
(30.26929346101582, -97.71621027780441)"
James Talbot,Transition,Austin-Bergstrom International Airport,3600 Presidential Blvd.;,Austin,TX,78719,http://assets.austintexas.gov/aipp/images/pic2006_001_1.jpg;http://assets.austintexas.gov/aipp/images/pic2006_001_2.jpg;http://assets.austintexas.gov/aipp/images/pic2006_001_3.jpg;,http://www.austintexas.gov/aipp/aipp_detail.cfm?art=505 ,"3600 Presidential Blvd.;
Austin, TX 78719
(30.202653698644724, -97.66544354925043)"
Carl Trominski,Moments,Lamar Bridge Railroad Underpass,300 N. Lamar Blvd.;,Austin,TX,78704,http://assets.austintexas.gov/aipp/images/moments_trominski.jpg,http://www.austintexas.gov/aipp/aipp_detail.cfm?art=219 ,"300 N. Lamar Blvd.;
Austin, TX 78704
(30.262683444100503, -97.75797479284512)"
Phillip Wade,Schnauzer at the Door,Texas Cancer Center at Brackenridge Hospital,601 E 15th St.; 9th Floor,Austin,TX,78701,http://assets.austintexas.gov/aipp/images/pic1993_002.jpg,http://www.austintexas.gov/aipp/aipp_detail.cfm?art=165 ,"601 E 15th St.; 9th Floor
Austin, TX 78701
(30.27515704064689, -97.73329739636114)"
Dale Whistler,Night Wings,Congress-Barton Springs Traffic Island,300 South Congress Avenue;,Austin,TX,78704,http://assets.austintexas.gov/aipp/images/nightwings_whistler.jpg,http://www.austintexas.gov/aipp/aipp_detail.cfm?art=204 ,"300 South Congress Avenue;
Austin, TX 78704
(30.258690454290388, -97.74633756578595)"
Dale Whistler,Playmates,Town Lake Animal Center,1156 W. Cesar Chavez St.;,Austin,TX,78703,http://assets.austintexas.gov/aipp/images/playmates_whistler.jpg;http://assets.austintexas.gov/aipp/images/pic1999_005_2.jpg;http://assets.austintexas.gov/aipp/images/pic1999_005_3.jpg;,http://www.austintexas.gov/aipp/aipp_detail.cfm?art=138 ,"1156 W. Cesar Chavez St.;
Austin, TX 78703
(30.267953471192186, -97.75831653521624)"
Dale Whistler,Untitled,Dick Nichols Pool & Bathhouse,8011 Beckett Rd.;,Austin,TX,78749,http://assets.austintexas.gov/aipp/images/pic1997_001.jpg,http://www.austintexas.gov/aipp/aipp_detail.cfm?art=124 ,"8011 Beckett Rd.;
Austin, TX 78749
(30.21486649180258, -97.863312382137)"
Dale Whistler,Untitled,Dick Nichols Park,8011 Beckett Rd.;,Austin,TX,78749,http://assets.austintexas.gov/aipp/images/pic1994_002.jpg,http://www.austintexas.gov/aipp/aipp_detail.cfm?art=111 ,"8011 Beckett Rd.;
Austin, TX 78749
(30.21486649180258, -97.863312382137)"
Pat Wilie,On the Green,Roy Kizer Golf Course,5400 Jimmy Clay Dr.;,Austin,TX,78744,http://assets.austintexas.gov/aipp/images/green_wilie.jpg,http://www.austintexas.gov/aipp/aipp_detail.cfm?art=141 ,"5400 Jimmy Clay Dr.;
Austin, TX 78744
(30.188192600413572, -97.73253297263619)"
Steve Wiman,Community Quilt,South Austin Senior Activity Center ,3911 Manchaca Rd.;,Austin,TX,78704,http://assets.austintexas.gov/aipp/images/pic1995_003.jpg,http://www.austintexas.gov/aipp/aipp_detail.cfm?art=117 ,"3911 Manchaca Rd.;
Austin, TX 78704
(30.23392312560344, -97.78565592490696)"
Steve Wiman,Community Core Sample Project,St. John's Multipurpose Center,Corner of Blessing and Wheatly Ave.;,Austin,TX,,http://assets.austintexas.gov/aipp/images/pic2003_001_1b.jpg;http://assets.austintexas.gov/aipp/images/pic2003_001_2b.jpg;http://assets.austintexas.gov/aipp/images/pic2003_001_3b.jpg;,http://www.austintexas.gov/aipp/aipp_detail.cfm?art=192 ,"Corner of Blessing and Wheatly Ave.;
Austin, TX
(30.267600000339883, -97.74297999972708)"
Steve Wiman,Threshold Project,St. John's Multipurpose Center,Corner of Blessing and Wheatly Ave.;,Austin,TX,,http://assets.austintexas.gov/aipp/images/pic2003_001_1.jpg;http://assets.austintexas.gov/aipp/images/pic2003_001_2.jpg;http://assets.austintexas.gov/aipp/images/pic2003_001_3.jpg;,http://www.austintexas.gov/aipp/aipp_detail.cfm?art=198 ,"Corner of Blessing and Wheatly Ave.;
Austin, TX
(30.267600000339883, -97.74297999972708)"
Bruce Wolfe,Barbara Jordan Memorial,Austin-Bergstrom International Airport,3600 Presidential Blvd.;,Austin,TX,78719,http://assets.austintexas.gov/aipp/images/pic2002_008_1.jpg;http://assets.austintexas.gov/aipp/images/pic2002_008_2.jpg;http://assets.austintexas.gov/aipp/images/pic2002_008_3.jpg;,http://www.austintexas.gov/aipp/aipp_detail.cfm?art=503 ,"3600 Presidential Blvd.;
Austin, TX 78719
(30.202653698644724, -97.66544354925043)"
Shelley Wood,Shoestring,Health and Human Services Administration,7201 Levander Loop;,Austin,TX,78702,http://assets.austintexas.gov/aipp/images/pic2003_011_1.jpg,http://www.austintexas.gov/aipp/aipp_detail.cfm?art=215 ,"7201 Levander Loop;
Austin, TX 78702
(30.252912715050357, -97.69302633905961)"
John Yancey,Riffs and Rhythms,Austin Convention Center,500 East Cesar Chavez St.;,Austin,TX,78701,http://assets.austintexas.gov/aipp/images/pic1996_005_1.jpg;http://assets.austintexas.gov/aipp/images/pic1996_005_2.jpg;http://assets.austintexas.gov/aipp/images/pic1996_005_3.jpg;,http://www.austintexas.gov/aipp/aipp_detail.cfm?art=121 ,"500 East Cesar Chavez St.;
Austin, TX 78701
(30.26473389832728, -97.74923338272032)"
Rodolfo Ybarra,Lone Star Gazebo,Town Lake Hike and Bike Trail,North Bank near Buford Fire Tower;,Austin,TX,78701,http://assets.austintexas.gov/aipp/images/pic1995_001.jpg,http://www.austintexas.gov/aipp/aipp_detail.cfm?art=115 ,"North Bank near Buford Fire Tower;
Austin, TX 78701
(30.269920000307934, -97.74332000011776)"
ARCHAIC ,For Jeep With Love,Palmer Event Center,900 Barton Springs Road;,Austin,TX,,http://assets.austintexas.gov/aipp/images/pic2001_002_1.jpg;http://assets.austintexas.gov/aipp/images/pic2001_002_2.jpg;http://assets.austintexas.gov/aipp/images/pic2001_002_3.jpg;,http://www.austintexas.gov/aipp/aipp_detail.cfm?art=188 ,"900 Barton Springs Road;
Austin, TX
(30.25976064750523, -97.753981803035)"
NextProject ,LAB,Lance Armstrong Bikeway,Veterans Drive to Shady Lane;,Austin,TX,,http://assets.austintexas.gov/aipp/images/pic2009_030_1.jpg.jpg;http://assets.austintexas.gov/aipp/images/pic2009_030_2.jpg.jpg;http://assets.austintexas.gov/aipp/images/pic2009_030_3.jpg.jpg;,http://www.austintexas.gov/aipp/aipp_detail.cfm?art=544 ,"Veterans Drive to Shady Lane;
Austin, TX
(30.267600000339883, -97.74297999972708)"
